{
  "id": "5e-imports",
  "title": "5e Imports",
  "description": "5e imports from D&amp;D Beyond.",
  "version": "1.1.0",
  "authors": [
    {
      "name": "GharrethAdekyn"
    }
  ],
  "compatibility": {
    "minimum": "10",
    "verified": "11"
  },
  "packs": [
    {
      "name": "5e-imports-adventures",
      "label": "5e Imported Adventures",
      "path": "packs/adventures",
      "type": "Adventure",
      "system": "dnd5e",
      "ownership": {
        "PLAYER": "OBSERVER",
        "ASSISTANT": "OWNER"
      }
    },
    {
      "name": "5e-imports-backgrounds",
      "label": "5e Imported Backgrounds",
      "path": "packs/backgrounds",
      "type": "Item",
      "system": "dnd5e",
      "ownership": {
        "PLAYER": "OBSERVER",
        "ASSISTANT": "OWNER"
      }
    },
    {
      "name": "5e-imports-classes",
      "label": "5e Imported Classes",
      "path": "packs/classes",
      "type": "Item",
      "system": "dnd5e",
      "ownership": {
        "PLAYER": "OBSERVER",
        "ASSISTANT": "OWNER"
      }
    },
    {
      "name": "5e-imports-class-features",
      "label": "5e Imported Class Features",
      "path": "packs/class-features",
      "type": "Item",
      "system": "dnd5e",
      "ownership": {
        "PLAYER": "OBSERVER",
        "ASSISTANT": "OWNER"
      }
    },
    {
      "name": "5e-imports-feats",
      "label": "5e Imported Feats",
      "path": "packs/feats",
      "type": "Item",
      "system": "dnd5e",
      "ownership": {
        "PLAYER": "OBSERVER",
        "ASSISTANT": "OWNER"
      }
    },
    {
      "name": "5e-imports-monsters",
      "label": "5e Imported Monsters",
      "path": "packs/monsters",
      "type": "Actor",
      "system": "dnd5e",
      "ownership": {
        "PLAYER": "OBSERVER",
        "ASSISTANT": "OWNER"
      }
    },
    {
      "name": "5e-imports-items",
      "label": "5e Imported Items",
      "path": "packs/items",
      "type": "Item",
      "system": "dnd5e",
      "ownership": {
        "PLAYER": "OBSERVER",
        "ASSISTANT": "OWNER"
      }
    },
    {
      "name": "5e-imports-raves",
      "label": "5e Imported Races",
      "path": "packs/races",
      "type": "Item",
      "system": "dnd5e",
      "ownership": {
        "PLAYER": "OBSERVER",
        "ASSISTANT": "OWNER"
      }
    },
    {
      "name": "5e-imports-racial-traits",
      "label": "5e Imported Racial Traits",
      "path": "packs/racial-traits",
      "type": "Item",
      "system": "dnd5e",
      "ownership": {
        "PLAYER": "OBSERVER",
        "ASSISTANT": "OWNER"
      }
    },
    {
      "name": "5e-imports-spells",
      "label": "5e Imported Spells",
      "path": "packs/spells",
      "type": "Item",
      "system": "dnd5e",
      "ownership": {
        "PLAYER": "OBSERVER",
        "ASSISTANT": "OWNER"
      }
    },
    {
      "name": "5e-imports-subclasses",
      "label": "5e Imported Subclasses",
      "path": "packs/subclasses",
      "type": "Item",
      "system": "dnd5e",
      "ownership": {
        "PLAYER": "OBSERVER",
        "ASSISTANT": "OWNER"
      }
    },
    {
      "name": "5e-imports-tables",
      "label": "5e Imported Roll Tables",
      "path": "packs/tables",
      "type": "RollTable",
      "ownership": {
        "PLAYER": "OBSERVER",
        "ASSISTANT": "OWNER"
      }
    },
    {
      "name": "5e-imports-vehicles",
      "label": "5e Imported Vehicles",
      "path": "packs/vehicles",
      "type": "Actor",
      "system": "dnd5e",
      "ownership": {
        "PLAYER": "OBSERVER",
        "ASSISTANT": "OWNER"
      }
    }
  ],
  "manifest": "https://github.com/atkinsgt/5e-imports/module.json",
  "download": "https://github.com/atkinsgt/5e-imports/5e-imports.zip"
}